model,accuracy,precision,recall,f1,roc_auc
CNN,0.8023864442867282,0.9616486665197267,0.6799657133951531,0.7966403432692747,0.9478378822079503
