model,accuracy,precision,recall,f1,roc_auc
Random Forest,0.7677874378992193,0.965906303654648,0.6137302267591366,0.7505598703959594,0.9703783775646697
